model,pooling,out_vec_size,best_layers,epochs,nhid,qtd_layers,MR,CR,SUBJ,MPQA,SST2,TREC,MRPC
roberta-base,CLS_IN-TASK,768,dynamic_layer_weighted_sum-cls_avg,4,0,12,"{'devacc': np.float64(83.49), 'acc': np.float64(83.66), 'ndev': 10662, 'ntest': 10662}","{'devacc': np.float64(87.62), 'acc': np.float64(87.36), 'ndev': 3775, 'ntest': 3775}","{'devacc': np.float64(94.77), 'acc': np.float64(94.75), 'ndev': 10000, 'ntest': 10000}","{'devacc': np.float64(86.02), 'acc': np.float64(85.88), 'ndev': 10606, 'ntest': 10606}","{'devacc': np.float64(86.35), 'acc': 87.64, 'ndev': 872, 'ntest': 1821}","{'devacc': np.float64(73.75), 'acc': 79.0, 'ndev': 5452, 'ntest': 500}","{'devacc': np.float64(72.77), 'acc': 72.87, 'f1': 81.43, 'ndev': 4076, 'ntest': 1725}"
roberta-base,AVG_IN-TASK,768,dynamic_layer_weighted_sum-cls_avg,4,0,12,"{'devacc': np.float64(85.22), 'acc': np.float64(85.22), 'ndev': 10662, 'ntest': 10662}","{'devacc': np.float64(90.11), 'acc': np.float64(90.44), 'ndev': 3775, 'ntest': 3775}","{'devacc': np.float64(95.66), 'acc': np.float64(95.64), 'ndev': 10000, 'ntest': 10000}","{'devacc': np.float64(88.66), 'acc': np.float64(88.82), 'ndev': 10606, 'ntest': 10606}","{'devacc': np.float64(88.99), 'acc': 90.66, 'ndev': 872, 'ntest': 1821}","{'devacc': np.float64(85.38), 'acc': 91.8, 'ndev': 5452, 'ntest': 500}","{'devacc': np.float64(75.12), 'acc': 74.49, 'f1': 82.19, 'ndev': 4076, 'ntest': 1725}"
roberta-base,AVG-NS_IN-TASK,768,dynamic_layer_weighted_sum-cls_avg,4,0,12,"{'devacc': np.float64(84.96), 'acc': np.float64(84.93), 'ndev': 10662, 'ntest': 10662}","{'devacc': np.float64(89.85), 'acc': np.float64(90.23), 'ndev': 3775, 'ntest': 3775}","{'devacc': np.float64(95.56), 'acc': np.float64(95.6), 'ndev': 10000, 'ntest': 10000}","{'devacc': np.float64(88.06), 'acc': np.float64(88.38), 'ndev': 10606, 'ntest': 10606}","{'devacc': np.float64(89.22), 'acc': 90.77, 'ndev': 872, 'ntest': 1821}","{'devacc': np.float64(85.95), 'acc': 92.8, 'ndev': 5452, 'ntest': 500}","{'devacc': np.float64(75.47), 'acc': 76.7, 'f1': 83.63, 'ndev': 4076, 'ntest': 1725}"
roberta-base,CLS+AVG_IN-TASK,1536,dynamic_layer_weighted_sum-cls_avg,4,0,12,"{'devacc': np.float64(85.31), 'acc': np.float64(85.49), 'ndev': 10662, 'ntest': 10662}","{'devacc': np.float64(90.07), 'acc': np.float64(90.38), 'ndev': 3775, 'ntest': 3775}","{'devacc': np.float64(95.6), 'acc': np.float64(95.57), 'ndev': 10000, 'ntest': 10000}","{'devacc': np.float64(88.55), 'acc': np.float64(88.62), 'ndev': 10606, 'ntest': 10606}","{'devacc': np.float64(89.33), 'acc': 90.72, 'ndev': 872, 'ntest': 1821}","{'devacc': np.float64(84.12), 'acc': 91.2, 'ndev': 5452, 'ntest': 500}","{'devacc': np.float64(74.97), 'acc': 73.62, 'f1': 81.66, 'ndev': 4076, 'ntest': 1725}"
roberta-base,CLS+AVG-NS_IN-TASK,1536,dynamic_layer_weighted_sum-cls_avg,4,0,12,"{'devacc': np.float64(85.07), 'acc': np.float64(85.08), 'ndev': 10662, 'ntest': 10662}","{'devacc': np.float64(89.81), 'acc': np.float64(90.15), 'ndev': 3775, 'ntest': 3775}","{'devacc': np.float64(95.5), 'acc': np.float64(95.42), 'ndev': 10000, 'ntest': 10000}","{'devacc': np.float64(88.28), 'acc': np.float64(88.28), 'ndev': 10606, 'ntest': 10606}","{'devacc': np.float64(89.11), 'acc': 90.5, 'ndev': 872, 'ntest': 1821}","{'devacc': np.float64(85.03), 'acc': 92.0, 'ndev': 5452, 'ntest': 500}","{'devacc': np.float64(74.88), 'acc': 74.32, 'f1': 82.09, 'ndev': 4076, 'ntest': 1725}"
roberta-base,AVG+AVG-NS_IN-TASK,1536,dynamic_layer_weighted_sum-cls_avg,4,0,12,"{'devacc': np.float64(85.1), 'acc': np.float64(85.01), 'ndev': 10662, 'ntest': 10662}","{'devacc': np.float64(89.72), 'acc': np.float64(89.83), 'ndev': 3775, 'ntest': 3775}","{'devacc': np.float64(95.51), 'acc': np.float64(95.44), 'ndev': 10000, 'ntest': 10000}","{'devacc': np.float64(88.25), 'acc': np.float64(88.62), 'ndev': 10606, 'ntest': 10606}","{'devacc': np.float64(89.56), 'acc': 91.27, 'ndev': 872, 'ntest': 1821}","{'devacc': np.float64(85.53), 'acc': 92.4, 'ndev': 5452, 'ntest': 500}","{'devacc': np.float64(75.49), 'acc': 74.72, 'f1': 82.49, 'ndev': 4076, 'ntest': 1725}"
roberta-base,CLS+AVG+AVG-NS_IN-TASK,2304,dynamic_layer_weighted_sum-cls_avg,4,0,12,"{'devacc': np.float64(85.17), 'acc': np.float64(84.93), 'ndev': 10662, 'ntest': 10662}","{'devacc': np.float64(89.81), 'acc': np.float64(89.99), 'ndev': 3775, 'ntest': 3775}","{'devacc': np.float64(95.53), 'acc': np.float64(95.53), 'ndev': 10000, 'ntest': 10000}","{'devacc': np.float64(88.34), 'acc': np.float64(88.63), 'ndev': 10606, 'ntest': 10606}","{'devacc': np.float64(88.99), 'acc': 90.66, 'ndev': 872, 'ntest': 1821}","{'devacc': np.float64(85.03), 'acc': 90.6, 'ndev': 5452, 'ntest': 500}","{'devacc': np.float64(75.2), 'acc': 72.93, 'f1': 81.27, 'ndev': 4076, 'ntest': 1725}"
roberta-base,CLS_LOO-SENTEVAL,768,dynamic_layer_weighted_sum-cls_avg,4,0,12,"{'devacc': np.float64(83.33), 'acc': np.float64(83.27), 'ndev': 10662, 'ntest': 10662}","{'devacc': np.float64(87.55), 'acc': np.float64(87.47), 'ndev': 3775, 'ntest': 3775}","{'devacc': np.float64(94.41), 'acc': np.float64(94.41), 'ndev': 10000, 'ntest': 10000}","{'devacc': np.float64(86.11), 'acc': np.float64(86.13), 'ndev': 10606, 'ntest': 10606}","{'devacc': np.float64(86.01), 'acc': 86.44, 'ndev': 872, 'ntest': 1821}","{'devacc': np.float64(73.48), 'acc': 79.6, 'ndev': 5452, 'ntest': 500}","{'devacc': np.float64(72.6), 'acc': 70.61, 'f1': 80.43, 'ndev': 4076, 'ntest': 1725}"
roberta-base,AVG_LOO-SENTEVAL,768,dynamic_layer_weighted_sum-cls_avg,4,0,12,"{'devacc': np.float64(85.04), 'acc': np.float64(84.87), 'ndev': 10662, 'ntest': 10662}","{'devacc': np.float64(90.1), 'acc': np.float64(90.17), 'ndev': 3775, 'ntest': 3775}","{'devacc': np.float64(95.66), 'acc': np.float64(95.6), 'ndev': 10000, 'ntest': 10000}","{'devacc': np.float64(88.6), 'acc': np.float64(88.73), 'ndev': 10606, 'ntest': 10606}","{'devacc': np.float64(88.99), 'acc': 91.05, 'ndev': 872, 'ntest': 1821}","{'devacc': np.float64(85.4), 'acc': 90.8, 'ndev': 5452, 'ntest': 500}","{'devacc': np.float64(74.29), 'acc': 73.91, 'f1': 81.9, 'ndev': 4076, 'ntest': 1725}"
roberta-base,AVG-NS_LOO-SENTEVAL,768,dynamic_layer_weighted_sum-cls_avg,4,0,12,"{'devacc': np.float64(84.81), 'acc': np.float64(84.84), 'ndev': 10662, 'ntest': 10662}","{'devacc': np.float64(89.89), 'acc': np.float64(90.39), 'ndev': 3775, 'ntest': 3775}","{'devacc': np.float64(95.56), 'acc': np.float64(95.62), 'ndev': 10000, 'ntest': 10000}","{'devacc': np.float64(87.94), 'acc': np.float64(88.27), 'ndev': 10606, 'ntest': 10606}","{'devacc': np.float64(88.99), 'acc': 90.83, 'ndev': 872, 'ntest': 1821}","{'devacc': np.float64(85.95), 'acc': 92.4, 'ndev': 5452, 'ntest': 500}","{'devacc': np.float64(74.75), 'acc': 74.03, 'f1': 81.94, 'ndev': 4076, 'ntest': 1725}"
roberta-base,CLS+AVG_LOO-SENTEVAL,1536,dynamic_layer_weighted_sum-cls_avg,4,0,12,"{'devacc': np.float64(85.05), 'acc': np.float64(84.96), 'ndev': 10662, 'ntest': 10662}","{'devacc': np.float64(90.16), 'acc': np.float64(90.39), 'ndev': 3775, 'ntest': 3775}","{'devacc': np.float64(95.62), 'acc': np.float64(95.5), 'ndev': 10000, 'ntest': 10000}","{'devacc': np.float64(88.51), 'acc': np.float64(88.6), 'ndev': 10606, 'ntest': 10606}","{'devacc': np.float64(88.07), 'acc': 90.39, 'ndev': 872, 'ntest': 1821}","{'devacc': np.float64(84.59), 'acc': 90.6, 'ndev': 5452, 'ntest': 500}","{'devacc': np.float64(74.53), 'acc': 74.32, 'f1': 81.98, 'ndev': 4076, 'ntest': 1725}"
roberta-base,CLS+AVG-NS_LOO-SENTEVAL,1536,dynamic_layer_weighted_sum-cls_avg,4,0,12,"{'devacc': np.float64(84.93), 'acc': np.float64(85.0), 'ndev': 10662, 'ntest': 10662}","{'devacc': np.float64(89.89), 'acc': np.float64(90.09), 'ndev': 3775, 'ntest': 3775}","{'devacc': np.float64(95.52), 'acc': np.float64(95.5), 'ndev': 10000, 'ntest': 10000}","{'devacc': np.float64(88.14), 'acc': np.float64(88.32), 'ndev': 10606, 'ntest': 10606}","{'devacc': np.float64(87.96), 'acc': 90.61, 'ndev': 872, 'ntest': 1821}","{'devacc': np.float64(85.18), 'acc': 92.6, 'ndev': 5452, 'ntest': 500}","{'devacc': np.float64(73.62), 'acc': 72.41, 'f1': 81.22, 'ndev': 4076, 'ntest': 1725}"
roberta-base,AVG+AVG-NS_LOO-SENTEVAL,1536,dynamic_layer_weighted_sum-cls_avg,4,0,12,"{'devacc': np.float64(84.89), 'acc': np.float64(84.74), 'ndev': 10662, 'ntest': 10662}","{'devacc': np.float64(89.7), 'acc': np.float64(89.91), 'ndev': 3775, 'ntest': 3775}","{'devacc': np.float64(95.56), 'acc': np.float64(95.38), 'ndev': 10000, 'ntest': 10000}","{'devacc': np.float64(88.19), 'acc': np.float64(88.31), 'ndev': 10606, 'ntest': 10606}","{'devacc': np.float64(88.88), 'acc': 91.27, 'ndev': 872, 'ntest': 1821}","{'devacc': np.float64(85.88), 'acc': 91.6, 'ndev': 5452, 'ntest': 500}","{'devacc': np.float64(74.8), 'acc': 73.91, 'f1': 81.74, 'ndev': 4076, 'ntest': 1725}"
roberta-base,CLS+AVG+AVG-NS_LOO-SENTEVAL,2304,dynamic_layer_weighted_sum-cls_avg,4,0,12,"{'devacc': np.float64(84.96), 'acc': np.float64(84.89), 'ndev': 10662, 'ntest': 10662}","{'devacc': np.float64(89.93), 'acc': np.float64(90.25), 'ndev': 3775, 'ntest': 3775}","{'devacc': np.float64(95.54), 'acc': np.float64(95.54), 'ndev': 10000, 'ntest': 10000}","{'devacc': np.float64(88.3), 'acc': np.float64(88.6), 'ndev': 10606, 'ntest': 10606}","{'devacc': np.float64(88.3), 'acc': 90.88, 'ndev': 872, 'ntest': 1821}","{'devacc': np.float64(85.29), 'acc': 91.0, 'ndev': 5452, 'ntest': 500}","{'devacc': np.float64(73.97), 'acc': 73.39, 'f1': 81.85, 'ndev': 4076, 'ntest': 1725}"
roberta-base,CLS_AVG-SENTEVAL,768,dynamic_layer_weighted_sum-cls_avg,4,0,12,"{'devacc': np.float64(83.33), 'acc': np.float64(83.02), 'ndev': 10662, 'ntest': 10662}","{'devacc': np.float64(87.62), 'acc': np.float64(87.42), 'ndev': 3775, 'ntest': 3775}","{'devacc': np.float64(94.53), 'acc': np.float64(94.62), 'ndev': 10000, 'ntest': 10000}","{'devacc': np.float64(86.24), 'acc': np.float64(86.31), 'ndev': 10606, 'ntest': 10606}","{'devacc': np.float64(86.12), 'acc': 86.93, 'ndev': 872, 'ntest': 1821}","{'devacc': np.float64(74.16), 'acc': 79.8, 'ndev': 5452, 'ntest': 500}","{'devacc': np.float64(72.62), 'acc': 73.91, 'f1': 82.17, 'ndev': 4076, 'ntest': 1725}"
roberta-base,AVG_AVG-SENTEVAL,768,dynamic_layer_weighted_sum-cls_avg,4,0,12,"{'devacc': np.float64(85.11), 'acc': np.float64(85.11), 'ndev': 10662, 'ntest': 10662}","{'devacc': np.float64(90.17), 'acc': np.float64(90.36), 'ndev': 3775, 'ntest': 3775}","{'devacc': np.float64(95.64), 'acc': np.float64(95.45), 'ndev': 10000, 'ntest': 10000}","{'devacc': np.float64(88.66), 'acc': np.float64(88.53), 'ndev': 10606, 'ntest': 10606}","{'devacc': np.float64(88.76), 'acc': 90.77, 'ndev': 872, 'ntest': 1821}","{'devacc': np.float64(85.36), 'acc': 91.4, 'ndev': 5452, 'ntest': 500}","{'devacc': np.float64(74.68), 'acc': 73.86, 'f1': 81.87, 'ndev': 4076, 'ntest': 1725}"
roberta-base,AVG-NS_AVG-SENTEVAL,768,dynamic_layer_weighted_sum-cls_avg,4,0,12,"{'devacc': np.float64(84.88), 'acc': np.float64(84.81), 'ndev': 10662, 'ntest': 10662}","{'devacc': np.float64(89.77), 'acc': np.float64(90.33), 'ndev': 3775, 'ntest': 3775}","{'devacc': np.float64(95.57), 'acc': np.float64(95.62), 'ndev': 10000, 'ntest': 10000}","{'devacc': np.float64(88.01), 'acc': np.float64(88.35), 'ndev': 10606, 'ntest': 10606}","{'devacc': np.float64(89.11), 'acc': 90.77, 'ndev': 872, 'ntest': 1821}","{'devacc': np.float64(85.89), 'acc': 92.4, 'ndev': 5452, 'ntest': 500}","{'devacc': np.float64(74.73), 'acc': 74.2, 'f1': 82.21, 'ndev': 4076, 'ntest': 1725}"
roberta-base,CLS+AVG_AVG-SENTEVAL,1536,dynamic_layer_weighted_sum-cls_avg,4,0,12,"{'devacc': np.float64(85.08), 'acc': np.float64(84.87), 'ndev': 10662, 'ntest': 10662}","{'devacc': np.float64(90.09), 'acc': np.float64(90.25), 'ndev': 3775, 'ntest': 3775}","{'devacc': np.float64(95.62), 'acc': np.float64(95.59), 'ndev': 10000, 'ntest': 10000}","{'devacc': np.float64(88.51), 'acc': np.float64(88.54), 'ndev': 10606, 'ntest': 10606}","{'devacc': np.float64(88.76), 'acc': 90.44, 'ndev': 872, 'ntest': 1821}","{'devacc': np.float64(84.28), 'acc': 92.2, 'ndev': 5452, 'ntest': 500}","{'devacc': np.float64(75.0), 'acc': 72.58, 'f1': 81.12, 'ndev': 4076, 'ntest': 1725}"
roberta-base,CLS+AVG-NS_AVG-SENTEVAL,1536,dynamic_layer_weighted_sum-cls_avg,4,0,12,"{'devacc': np.float64(84.93), 'acc': np.float64(84.82), 'ndev': 10662, 'ntest': 10662}","{'devacc': np.float64(89.91), 'acc': np.float64(90.38), 'ndev': 3775, 'ntest': 3775}","{'devacc': np.float64(95.54), 'acc': np.float64(95.39), 'ndev': 10000, 'ntest': 10000}","{'devacc': np.float64(88.2), 'acc': np.float64(88.3), 'ndev': 10606, 'ntest': 10606}","{'devacc': np.float64(88.42), 'acc': 91.05, 'ndev': 872, 'ntest': 1821}","{'devacc': np.float64(85.36), 'acc': 91.4, 'ndev': 5452, 'ntest': 500}","{'devacc': np.float64(74.24), 'acc': 72.17, 'f1': 81.21, 'ndev': 4076, 'ntest': 1725}"
roberta-base,AVG+AVG-NS_AVG-SENTEVAL,1536,dynamic_layer_weighted_sum-cls_avg,4,0,12,"{'devacc': np.float64(84.94), 'acc': np.float64(84.89), 'ndev': 10662, 'ntest': 10662}","{'devacc': np.float64(89.71), 'acc': np.float64(90.04), 'ndev': 3775, 'ntest': 3775}","{'devacc': np.float64(95.54), 'acc': np.float64(95.44), 'ndev': 10000, 'ntest': 10000}","{'devacc': np.float64(88.25), 'acc': np.float64(88.54), 'ndev': 10606, 'ntest': 10606}","{'devacc': np.float64(89.11), 'acc': 91.1, 'ndev': 872, 'ntest': 1821}","{'devacc': np.float64(85.97), 'acc': 92.6, 'ndev': 5452, 'ntest': 500}","{'devacc': np.float64(74.8), 'acc': 74.32, 'f1': 82.13, 'ndev': 4076, 'ntest': 1725}"
roberta-base,CLS+AVG+AVG-NS_AVG-SENTEVAL,2304,dynamic_layer_weighted_sum-cls_avg,4,0,12,"{'devacc': np.float64(85.0), 'acc': np.float64(84.82), 'ndev': 10662, 'ntest': 10662}","{'devacc': np.float64(89.88), 'acc': np.float64(90.44), 'ndev': 3775, 'ntest': 3775}","{'devacc': np.float64(95.54), 'acc': np.float64(95.59), 'ndev': 10000, 'ntest': 10000}","{'devacc': np.float64(88.32), 'acc': np.float64(88.44), 'ndev': 10606, 'ntest': 10606}","{'devacc': np.float64(88.53), 'acc': 90.66, 'ndev': 872, 'ntest': 1821}","{'devacc': np.float64(85.07), 'acc': 92.0, 'ndev': 5452, 'ntest': 500}","{'devacc': np.float64(74.09), 'acc': 72.41, 'f1': 81.1, 'ndev': 4076, 'ntest': 1725}"
roberta-base,CLS_NLI,768,dynamic_layer_weighted_sum-cls_avg,4,0,12,"{'devacc': np.float64(83.4), 'acc': np.float64(83.43), 'ndev': 10662, 'ntest': 10662}","{'devacc': np.float64(87.33), 'acc': np.float64(87.13), 'ndev': 3775, 'ntest': 3775}","{'devacc': np.float64(94.16), 'acc': np.float64(94.04), 'ndev': 10000, 'ntest': 10000}","{'devacc': np.float64(85.14), 'acc': np.float64(85.05), 'ndev': 10606, 'ntest': 10606}","{'devacc': np.float64(87.39), 'acc': 87.81, 'ndev': 872, 'ntest': 1821}","{'devacc': np.float64(73.5), 'acc': 81.0, 'ndev': 5452, 'ntest': 500}","{'devacc': np.float64(72.06), 'acc': 72.64, 'f1': 81.34, 'ndev': 4076, 'ntest': 1725}"
roberta-base,AVG_NLI,768,dynamic_layer_weighted_sum-cls_avg,4,0,12,"{'devacc': np.float64(85.28), 'acc': np.float64(85.37), 'ndev': 10662, 'ntest': 10662}","{'devacc': np.float64(90.28), 'acc': np.float64(90.41), 'ndev': 3775, 'ntest': 3775}","{'devacc': np.float64(95.81), 'acc': np.float64(95.72), 'ndev': 10000, 'ntest': 10000}","{'devacc': np.float64(88.1), 'acc': np.float64(88.27), 'ndev': 10606, 'ntest': 10606}","{'devacc': np.float64(89.45), 'acc': 90.77, 'ndev': 872, 'ntest': 1821}","{'devacc': np.float64(85.67), 'acc': 91.8, 'ndev': 5452, 'ntest': 500}","{'devacc': np.float64(75.19), 'acc': 75.13, 'f1': 82.53, 'ndev': 4076, 'ntest': 1725}"
roberta-base,AVG-NS_NLI,768,dynamic_layer_weighted_sum-cls_avg,4,0,12,"{'devacc': np.float64(85.13), 'acc': np.float64(85.24), 'ndev': 10662, 'ntest': 10662}","{'devacc': np.float64(89.95), 'acc': np.float64(90.33), 'ndev': 3775, 'ntest': 3775}","{'devacc': np.float64(95.61), 'acc': np.float64(95.59), 'ndev': 10000, 'ntest': 10000}","{'devacc': np.float64(87.48), 'acc': np.float64(87.74), 'ndev': 10606, 'ntest': 10606}","{'devacc': np.float64(89.68), 'acc': 90.66, 'ndev': 872, 'ntest': 1821}","{'devacc': np.float64(86.57), 'acc': 92.2, 'ndev': 5452, 'ntest': 500}","{'devacc': np.float64(75.1), 'acc': 75.42, 'f1': 82.75, 'ndev': 4076, 'ntest': 1725}"
roberta-base,CLS+AVG_NLI,1536,dynamic_layer_weighted_sum-cls_avg,4,0,12,"{'devacc': np.float64(85.37), 'acc': np.float64(85.5), 'ndev': 10662, 'ntest': 10662}","{'devacc': np.float64(90.37), 'acc': np.float64(90.52), 'ndev': 3775, 'ntest': 3775}","{'devacc': np.float64(95.81), 'acc': np.float64(95.72), 'ndev': 10000, 'ntest': 10000}","{'devacc': np.float64(88.06), 'acc': np.float64(88.18), 'ndev': 10606, 'ntest': 10606}","{'devacc': np.float64(89.45), 'acc': 90.66, 'ndev': 872, 'ntest': 1821}","{'devacc': np.float64(84.85), 'acc': 91.6, 'ndev': 5452, 'ntest': 500}","{'devacc': np.float64(74.43), 'acc': 75.42, 'f1': 82.81, 'ndev': 4076, 'ntest': 1725}"
roberta-base,CLS+AVG-NS_NLI,1536,dynamic_layer_weighted_sum-cls_avg,4,0,12,"{'devacc': np.float64(85.2), 'acc': np.float64(85.41), 'ndev': 10662, 'ntest': 10662}","{'devacc': np.float64(89.98), 'acc': np.float64(89.99), 'ndev': 3775, 'ntest': 3775}","{'devacc': np.float64(95.65), 'acc': np.float64(95.58), 'ndev': 10000, 'ntest': 10000}","{'devacc': np.float64(87.79), 'acc': np.float64(88.13), 'ndev': 10606, 'ntest': 10606}","{'devacc': np.float64(89.11), 'acc': 90.83, 'ndev': 872, 'ntest': 1821}","{'devacc': np.float64(85.66), 'acc': 91.4, 'ndev': 5452, 'ntest': 500}","{'devacc': np.float64(74.43), 'acc': 74.61, 'f1': 82.18, 'ndev': 4076, 'ntest': 1725}"
roberta-base,AVG+AVG-NS_NLI,1536,dynamic_layer_weighted_sum-cls_avg,4,0,12,"{'devacc': np.float64(85.15), 'acc': np.float64(85.18), 'ndev': 10662, 'ntest': 10662}","{'devacc': np.float64(89.75), 'acc': np.float64(89.96), 'ndev': 3775, 'ntest': 3775}","{'devacc': np.float64(95.61), 'acc': np.float64(95.51), 'ndev': 10000, 'ntest': 10000}","{'devacc': np.float64(87.73), 'acc': np.float64(88.06), 'ndev': 10606, 'ntest': 10606}","{'devacc': np.float64(90.02), 'acc': 90.83, 'ndev': 872, 'ntest': 1821}","{'devacc': np.float64(86.19), 'acc': 92.6, 'ndev': 5452, 'ntest': 500}","{'devacc': np.float64(74.8), 'acc': 74.38, 'f1': 82.21, 'ndev': 4076, 'ntest': 1725}"
roberta-base,CLS+AVG+AVG-NS_NLI,2304,dynamic_layer_weighted_sum-cls_avg,4,0,12,"{'devacc': np.float64(85.22), 'acc': np.float64(85.08), 'ndev': 10662, 'ntest': 10662}","{'devacc': np.float64(89.85), 'acc': np.float64(90.2), 'ndev': 3775, 'ntest': 3775}","{'devacc': np.float64(95.62), 'acc': np.float64(95.48), 'ndev': 10000, 'ntest': 10000}","{'devacc': np.float64(87.88), 'acc': np.float64(88.22), 'ndev': 10606, 'ntest': 10606}","{'devacc': np.float64(89.33), 'acc': 90.61, 'ndev': 872, 'ntest': 1821}","{'devacc': np.float64(85.78), 'acc': 92.0, 'ndev': 5452, 'ntest': 500}","{'devacc': np.float64(74.7), 'acc': 73.16, 'f1': 81.92, 'ndev': 4076, 'ntest': 1725}"
roberta-base,CLS_LOO-SENTEVAL-NLI,768,dynamic_layer_weighted_sum-cls_avg,4,0,12,"{'devacc': np.float64(83.36), 'acc': np.float64(83.34), 'ndev': 10662, 'ntest': 10662}","{'devacc': np.float64(87.61), 'acc': np.float64(87.87), 'ndev': 3775, 'ntest': 3775}","{'devacc': np.float64(94.28), 'acc': np.float64(94.52), 'ndev': 10000, 'ntest': 10000}","{'devacc': np.float64(85.99), 'acc': np.float64(86.16), 'ndev': 10606, 'ntest': 10606}","{'devacc': np.float64(86.35), 'acc': 86.88, 'ndev': 872, 'ntest': 1821}","{'devacc': np.float64(74.06), 'acc': 81.2, 'ndev': 5452, 'ntest': 500}","{'devacc': np.float64(72.69), 'acc': 73.57, 'f1': 81.99, 'ndev': 4076, 'ntest': 1725}"
roberta-base,AVG_LOO-SENTEVAL-NLI,768,dynamic_layer_weighted_sum-cls_avg,4,0,12,"{'devacc': np.float64(85.19), 'acc': np.float64(85.1), 'ndev': 10662, 'ntest': 10662}","{'devacc': np.float64(90.23), 'acc': np.float64(90.31), 'ndev': 3775, 'ntest': 3775}","{'devacc': np.float64(95.67), 'acc': np.float64(95.54), 'ndev': 10000, 'ntest': 10000}","{'devacc': np.float64(88.6), 'acc': np.float64(88.63), 'ndev': 10606, 'ntest': 10606}","{'devacc': np.float64(88.76), 'acc': 90.72, 'ndev': 872, 'ntest': 1821}","{'devacc': np.float64(85.25), 'acc': 92.0, 'ndev': 5452, 'ntest': 500}","{'devacc': np.float64(74.93), 'acc': 74.43, 'f1': 82.18, 'ndev': 4076, 'ntest': 1725}"
roberta-base,AVG-NS_LOO-SENTEVAL-NLI,768,dynamic_layer_weighted_sum-cls_avg,4,0,12,"{'devacc': np.float64(84.96), 'acc': np.float64(84.96), 'ndev': 10662, 'ntest': 10662}","{'devacc': np.float64(89.96), 'acc': np.float64(90.28), 'ndev': 3775, 'ntest': 3775}","{'devacc': np.float64(95.58), 'acc': np.float64(95.57), 'ndev': 10000, 'ntest': 10000}","{'devacc': np.float64(87.92), 'acc': np.float64(88.28), 'ndev': 10606, 'ntest': 10606}","{'devacc': np.float64(88.99), 'acc': 90.83, 'ndev': 872, 'ntest': 1821}","{'devacc': np.float64(85.88), 'acc': 92.8, 'ndev': 5452, 'ntest': 500}","{'devacc': np.float64(74.68), 'acc': 73.68, 'f1': 81.05, 'ndev': 4076, 'ntest': 1725}"
roberta-base,CLS+AVG_LOO-SENTEVAL-NLI,1536,dynamic_layer_weighted_sum-cls_avg,4,0,12,"{'devacc': np.float64(85.15), 'acc': np.float64(85.24), 'ndev': 10662, 'ntest': 10662}","{'devacc': np.float64(90.3), 'acc': np.float64(90.49), 'ndev': 3775, 'ntest': 3775}","{'devacc': np.float64(95.68), 'acc': np.float64(95.53), 'ndev': 10000, 'ntest': 10000}","{'devacc': np.float64(88.53), 'acc': np.float64(88.53), 'ndev': 10606, 'ntest': 10606}","{'devacc': np.float64(88.65), 'acc': 90.77, 'ndev': 872, 'ntest': 1821}","{'devacc': np.float64(84.32), 'acc': 92.2, 'ndev': 5452, 'ntest': 500}","{'devacc': np.float64(74.63), 'acc': 73.8, 'f1': 81.52, 'ndev': 4076, 'ntest': 1725}"
roberta-base,CLS+AVG-NS_LOO-SENTEVAL-NLI,1536,dynamic_layer_weighted_sum-cls_avg,4,0,12,"{'devacc': np.float64(85.03), 'acc': np.float64(85.11), 'ndev': 10662, 'ntest': 10662}","{'devacc': np.float64(89.98), 'acc': np.float64(90.52), 'ndev': 3775, 'ntest': 3775}","{'devacc': np.float64(95.57), 'acc': np.float64(95.39), 'ndev': 10000, 'ntest': 10000}","{'devacc': np.float64(88.18), 'acc': np.float64(88.39), 'ndev': 10606, 'ntest': 10606}","{'devacc': np.float64(88.65), 'acc': 91.05, 'ndev': 872, 'ntest': 1821}","{'devacc': np.float64(85.07), 'acc': 92.8, 'ndev': 5452, 'ntest': 500}","{'devacc': np.float64(74.24), 'acc': 71.3, 'f1': 80.58, 'ndev': 4076, 'ntest': 1725}"
roberta-base,AVG+AVG-NS_LOO-SENTEVAL-NLI,1536,dynamic_layer_weighted_sum-cls_avg,4,0,12,"{'devacc': np.float64(84.94), 'acc': np.float64(85.18), 'ndev': 10662, 'ntest': 10662}","{'devacc': np.float64(89.86), 'acc': np.float64(90.3), 'ndev': 3775, 'ntest': 3775}","{'devacc': np.float64(95.58), 'acc': np.float64(95.56), 'ndev': 10000, 'ntest': 10000}","{'devacc': np.float64(88.2), 'acc': np.float64(88.57), 'ndev': 10606, 'ntest': 10606}","{'devacc': np.float64(88.99), 'acc': 91.16, 'ndev': 872, 'ntest': 1821}","{'devacc': np.float64(85.86), 'acc': 93.2, 'ndev': 5452, 'ntest': 500}","{'devacc': np.float64(75.0), 'acc': 74.43, 'f1': 82.34, 'ndev': 4076, 'ntest': 1725}"
roberta-base,CLS+AVG+AVG-NS_LOO-SENTEVAL-NLI,2304,dynamic_layer_weighted_sum-cls_avg,4,0,12,"{'devacc': np.float64(85.1), 'acc': np.float64(84.87), 'ndev': 10662, 'ntest': 10662}","{'devacc': np.float64(89.91), 'acc': np.float64(90.12), 'ndev': 3775, 'ntest': 3775}","{'devacc': np.float64(95.58), 'acc': np.float64(95.49), 'ndev': 10000, 'ntest': 10000}","{'devacc': np.float64(88.28), 'acc': np.float64(88.6), 'ndev': 10606, 'ntest': 10606}","{'devacc': np.float64(88.88), 'acc': 91.16, 'ndev': 872, 'ntest': 1821}","{'devacc': np.float64(85.16), 'acc': 91.0, 'ndev': 5452, 'ntest': 500}","{'devacc': np.float64(73.7), 'acc': 72.81, 'f1': 81.47, 'ndev': 4076, 'ntest': 1725}"
roberta-base,CLS_AVG-ALL,768,dynamic_layer_weighted_sum-cls_avg,4,0,12,"{'devacc': np.float64(83.36), 'acc': np.float64(83.28), 'ndev': 10662, 'ntest': 10662}","{'devacc': np.float64(87.54), 'acc': np.float64(87.58), 'ndev': 3775, 'ntest': 3775}","{'devacc': np.float64(94.49), 'acc': np.float64(94.44), 'ndev': 10000, 'ntest': 10000}","{'devacc': np.float64(86.02), 'acc': np.float64(86.2), 'ndev': 10606, 'ntest': 10606}","{'devacc': np.float64(86.12), 'acc': 86.77, 'ndev': 872, 'ntest': 1821}","{'devacc': np.float64(74.21), 'acc': 81.6, 'ndev': 5452, 'ntest': 500}","{'devacc': np.float64(72.3), 'acc': 74.38, 'f1': 82.21, 'ndev': 4076, 'ntest': 1725}"
roberta-base,AVG_AVG-ALL,768,dynamic_layer_weighted_sum-cls_avg,4,0,12,"{'devacc': np.float64(85.17), 'acc': np.float64(85.05), 'ndev': 10662, 'ntest': 10662}","{'devacc': np.float64(90.23), 'acc': np.float64(90.28), 'ndev': 3775, 'ntest': 3775}","{'devacc': np.float64(95.64), 'acc': np.float64(95.65), 'ndev': 10000, 'ntest': 10000}","{'devacc': np.float64(88.61), 'acc': np.float64(88.79), 'ndev': 10606, 'ntest': 10606}","{'devacc': np.float64(88.99), 'acc': 90.77, 'ndev': 872, 'ntest': 1821}","{'devacc': np.float64(85.29), 'acc': 91.0, 'ndev': 5452, 'ntest': 500}","{'devacc': np.float64(74.93), 'acc': 73.91, 'f1': 81.88, 'ndev': 4076, 'ntest': 1725}"
roberta-base,AVG-NS_AVG-ALL,768,dynamic_layer_weighted_sum-cls_avg,4,0,12,"{'devacc': np.float64(84.95), 'acc': np.float64(84.93), 'ndev': 10662, 'ntest': 10662}","{'devacc': np.float64(89.95), 'acc': np.float64(90.31), 'ndev': 3775, 'ntest': 3775}","{'devacc': np.float64(95.58), 'acc': np.float64(95.58), 'ndev': 10000, 'ntest': 10000}","{'devacc': np.float64(87.93), 'acc': np.float64(88.18), 'ndev': 10606, 'ntest': 10606}","{'devacc': np.float64(88.88), 'acc': 90.99, 'ndev': 872, 'ntest': 1821}","{'devacc': np.float64(86.02), 'acc': 92.4, 'ndev': 5452, 'ntest': 500}","{'devacc': np.float64(74.61), 'acc': 74.49, 'f1': 82.08, 'ndev': 4076, 'ntest': 1725}"
roberta-base,CLS+AVG_AVG-ALL,1536,dynamic_layer_weighted_sum-cls_avg,4,0,12,"{'devacc': np.float64(85.28), 'acc': np.float64(85.28), 'ndev': 10662, 'ntest': 10662}","{'devacc': np.float64(90.25), 'acc': np.float64(90.49), 'ndev': 3775, 'ntest': 3775}","{'devacc': np.float64(95.68), 'acc': np.float64(95.51), 'ndev': 10000, 'ntest': 10000}","{'devacc': np.float64(88.51), 'acc': np.float64(88.42), 'ndev': 10606, 'ntest': 10606}","{'devacc': np.float64(88.53), 'acc': 90.66, 'ndev': 872, 'ntest': 1821}","{'devacc': np.float64(84.39), 'acc': 91.2, 'ndev': 5452, 'ntest': 500}","{'devacc': np.float64(74.56), 'acc': 72.46, 'f1': 81.22, 'ndev': 4076, 'ntest': 1725}"
roberta-base,CLS+AVG-NS_AVG-ALL,1536,dynamic_layer_weighted_sum-cls_avg,4,0,12,"{'devacc': np.float64(85.02), 'acc': np.float64(84.88), 'ndev': 10662, 'ntest': 10662}","{'devacc': np.float64(89.9), 'acc': np.float64(90.04), 'ndev': 3775, 'ntest': 3775}","{'devacc': np.float64(95.56), 'acc': np.float64(95.42), 'ndev': 10000, 'ntest': 10000}","{'devacc': np.float64(88.11), 'acc': np.float64(88.21), 'ndev': 10606, 'ntest': 10606}","{'devacc': np.float64(89.11), 'acc': 91.21, 'ndev': 872, 'ntest': 1821}","{'devacc': np.float64(85.34), 'acc': 91.6, 'ndev': 5452, 'ntest': 500}","{'devacc': np.float64(74.19), 'acc': 74.26, 'f1': 82.35, 'ndev': 4076, 'ntest': 1725}"
roberta-base,AVG+AVG-NS_AVG-ALL,1536,dynamic_layer_weighted_sum-cls_avg,4,0,12,"{'devacc': np.float64(85.01), 'acc': np.float64(84.93), 'ndev': 10662, 'ntest': 10662}","{'devacc': np.float64(89.72), 'acc': np.float64(90.2), 'ndev': 3775, 'ntest': 3775}","{'devacc': np.float64(95.57), 'acc': np.float64(95.42), 'ndev': 10000, 'ntest': 10000}","{'devacc': np.float64(88.21), 'acc': np.float64(88.38), 'ndev': 10606, 'ntest': 10606}","{'devacc': np.float64(88.99), 'acc': 91.05, 'ndev': 872, 'ntest': 1821}","{'devacc': np.float64(85.97), 'acc': 92.4, 'ndev': 5452, 'ntest': 500}","{'devacc': np.float64(75.39), 'acc': 73.33, 'f1': 81.47, 'ndev': 4076, 'ntest': 1725}"
roberta-base,CLS+AVG+AVG-NS_AVG-ALL,2304,dynamic_layer_weighted_sum-cls_avg,4,0,12,"{'devacc': np.float64(85.08), 'acc': np.float64(85.12), 'ndev': 10662, 'ntest': 10662}","{'devacc': np.float64(89.84), 'acc': np.float64(89.8), 'ndev': 3775, 'ntest': 3775}","{'devacc': np.float64(95.54), 'acc': np.float64(95.38), 'ndev': 10000, 'ntest': 10000}","{'devacc': np.float64(88.28), 'acc': np.float64(88.64), 'ndev': 10606, 'ntest': 10606}","{'devacc': np.float64(89.11), 'acc': 90.77, 'ndev': 872, 'ntest': 1821}","{'devacc': np.float64(85.27), 'acc': 92.4, 'ndev': 5452, 'ntest': 500}","{'devacc': np.float64(73.6), 'acc': 73.22, 'f1': 81.65, 'ndev': 4076, 'ntest': 1725}"
